[
  {
    "id": 1,
    "book": "Riyad as-Salihin",
    "chapter": "Intentions",
    "hadithNumber": 1,
    "arabicText": "إِنَّمَا الْأَعْمَالُ بِالنِّيَّاتِ وَإِنَّمَا لِكُلِّ امْرِئٍ مَا نَوَى",
    "englishText": "Actions are but by intention and every man shall have only that which he intended.",
    "source": "sunnah.com",
    "collection": "riyadussaliheen"
  },
  {
    "id": 2,
    "book": "Riyad as-Salihin",
    "chapter": "Repentance",
    "hadithNumber": 2,
    "arabicText": "كُلُّ ابْنِ آدَمَ خَطَّاءٌ وَخَيْرُ الْخَطَّائِينَ التَّوَّابُونَ",
    "englishText": "All the sons of Adam are sinners, and the best of sinners are those who repent.",
    "source": "sunnah.com",
    "collection": "riyadussaliheen"
  },
  {
    "id": 3,
    "book": "Riyad as-Salihin",
    "chapter": "Sincerity",
    "hadithNumber": 3,
    "arabicText": "نص الحديث الشريف رقم 3 في الإخلاص",
    "englishText": "The text of the noble hadith number 3 about Sincerity. [Authentic hadith text would be provided here from verified sources]",
    "source": "sunnah.com",
    "collection": "riyadussaliheen"
  },
  {
    "id": 4,
    "book": "Riyad as-Salihin",
    "chapter": "Sincerity",
    "hadithNumber": 4,
    "arabicText": "نص الحديث الشريف رقم 4 في الإخلاص",
    "englishText": "The text of the noble hadith number 4 about Sincerity. [Authentic hadith text would be provided here from verified sources]",
    "source": "sunnah.com",
    "collection": "riyadussaliheen"
  },
  {
    "id": 5,
    "book": "Riyad as-Salihin",
    "chapter": "Sincerity",
    "hadithNumber": 5,
    "arabicText": "نص الحديث الشريف رقم 5 في الإخلاص",
    "englishText": "The text of the noble hadith number 5 about Sincerity. [Authentic hadith text would be provided here from verified sources]",
    "source": "sunnah.com",
    "collection": "riyadussaliheen"
  },
  {
    "id": 6,
    "book": "Riyad as-Salihin",
    "chapter": "Sincerity",
    "hadithNumber": 6,
    "arabicText": "نص الحديث الشريف رقم 6 في الإخلاص",
    "englishText": "The text of the noble hadith number 6 about Sincerity. [Authentic hadith text would be provided here from verified sources]",
    "source": "sunnah.com",
    "collection": "riyadussaliheen"
  },
  {
    "id": 7,
    "book": "Riyad as-Salihin",
    "chapter": "Sincerity",
    "hadithNumber": 7,
    "arabicText": "نص الحديث الشريف رقم 7 في الإخلاص",
    "englishText": "The text of the noble hadith number 7 about Sincerity. [Authentic hadith text would be provided here from verified sources]",
    "source": "sunnah.com",
    "collection": "riyadussaliheen"
  },
  {
    "id": 8,
    "book": "Riyad as-Salihin",
    "chapter": "Sincerity",
    "hadithNumber": 8,
    "arabicText": "نص الحديث الشريف رقم 8 في الإخلاص",
    "englishText": "The text of the noble hadith number 8 about Sincerity. [Authentic hadith text would be provided here from verified sources]",
    "source": "sunnah.com",
    "collection": "riyadussaliheen"
  },
  {
    "id": 9,
    "book": "Riyad as-Salihin",
    "chapter": "Sincerity",
    "hadithNumber": 9,
    "arabicText": "نص الحديث الشريف رقم 9 في الإخلاص",
    "englishText": "The text of the noble hadith number 9 about Sincerity. [Authentic hadith text would be provided here from verified sources]",
    "source": "sunnah.com",
    "collection": "riyadussaliheen"
  },
  {
    "id": 10,
    "book": "Riyad as-Salihin",
    "chapter": "Sincerity",
    "hadithNumber": 10,
    "arabicText": "نص الحديث الشريف رقم 10 في الإخلاص",
    "englishText": "The text of the noble hadith number 10 about Sincerity. [Authentic hadith text would be provided here from verified sources]",
    "source": "sunnah.com",
    "collection": "riyadussaliheen"
  },
  {
    "id": 11,
    "book": "Riyad as-Salihin",
    "chapter": "Repentance",
    "hadithNumber": 11,
    "arabicText": "نص الحديث الشريف رقم 11 في التوبة",
    "englishText": "The text of the noble hadith number 11 about Repentance. [Authentic hadith text would be provided here from verified sources]",
    "source": "sunnah.com",
    "collection": "riyadussaliheen"
  },
  {
    "id": 12,
    "book": "Riyad as-Salihin",
    "chapter": "Repentance",
    "hadithNumber": 12,
    "arabicText": "نص الحديث الشريف رقم 12 في التوبة",
    "englishText": "The text of the noble hadith number 12 about Repentance. [Authentic hadith text would be provided here from verified sources]",
    "source": "sunnah.com",
    "collection": "riyadussaliheen"
  },
  {
    "id": 13,
    "book": "Riyad as-Salihin",
    "chapter": "Repentance",
    "hadithNumber": 13,
    "arabicText": "نص الحديث الشريف رقم 13 في التوبة",
    "englishText": "The text of the noble hadith number 13 about Repentance. [Authentic hadith text would be provided here from verified sources]",
    "source": "sunnah.com",
    "collection": "riyadussaliheen"
  },
  {
    "id": 14,
    "book": "Riyad as-Salihin",
    "chapter": "Repentance",
    "hadithNumber": 14,
    "arabicText": "نص الحديث الشريف رقم 14 في التوبة",
    "englishText": "The text of the noble hadith number 14 about Repentance. [Authentic hadith text would be provided here from verified sources]",
    "source": "sunnah.com",
    "collection": "riyadussaliheen"
  },
  {
    "id": 15,
    "book": "Riyad as-Salihin",
    "chapter": "Repentance",
    "hadithNumber": 15,
    "arabicText": "نص الحديث الشريف رقم 15 في التوبة",
    "englishText": "The text of the noble hadith number 15 about Repentance. [Authentic hadith text would be provided here from verified sources]",
    "source": "sunnah.com",
    "collection": "riyadussaliheen"
  },
  {
    "id": 16,
    "book": "Riyad as-Salihin",
    "chapter": "Repentance",
    "hadithNumber": 16,
    "arabicText": "نص الحديث الشريف رقم 16 في التوبة",
    "englishText": "The text of the noble hadith number 16 about Repentance. [Authentic hadith text would be provided here from verified sources]",
    "source": "sunnah.com",
    "collection": "riyadussaliheen"
  },
  {
    "id": 17,
    "book": "Riyad as-Salihin",
    "chapter": "Repentance",
    "hadithNumber": 17,
    "arabicText": "نص الحديث الشريف رقم 17 في التوبة",
    "englishText": "The text of the noble hadith number 17 about Repentance. [Authentic hadith text would be provided here from verified sources]",
    "source": "sunnah.com",
    "collection": "riyadussaliheen"
  },
  {
    "id": 18,
    "book": "Riyad as-Salihin",
    "chapter": "Repentance",
    "hadithNumber": 18,
    "arabicText": "نص الحديث الشريف رقم 18 في التوبة",
    "englishText": "The text of the noble hadith number 18 about Repentance. [Authentic hadith text would be provided here from verified sources]",
    "source": "sunnah.com",
    "collection": "riyadussaliheen"
  },
  {
    "id": 19,
    "book": "Riyad as-Salihin",
    "chapter": "Patience",
    "hadithNumber": 19,
    "arabicText": "نص الحديث الشريف رقم 19 في الصبر",
    "englishText": "The text of the noble hadith number 19 about Patience. [Authentic hadith text would be provided here from verified sources]",
    "source": "sunnah.com",
    "collection": "riyadussaliheen"
  },
  {
    "id": 20,
    "book": "Riyad as-Salihin",
    "chapter": "Patience",
    "hadithNumber": 20,
    "arabicText": "نص الحديث الشريف رقم 20 في الصبر",
    "englishText": "The text of the noble hadith number 20 about Patience. [Authentic hadith text would be provided here from verified sources]",
    "source": "sunnah.com",
    "collection": "riyadussaliheen"
  },
  {
    "id": 21,
    "book": "Riyad as-Salihin",
    "chapter": "Patience",
    "hadithNumber": 21,
    "arabicText": "نص الحديث الشريف رقم 21 في الصبر",
    "englishText": "The text of the noble hadith number 21 about Patience. [Authentic hadith text would be provided here from verified sources]",
    "source": "sunnah.com",
    "collection": "riyadussaliheen"
  },
  {
    "id": 22,
    "book": "Riyad as-Salihin",
    "chapter": "Patience",
    "hadithNumber": 22,
    "arabicText": "نص الحديث الشريف رقم 22 في الصبر",
    "englishText": "The text of the noble hadith number 22 about Patience. [Authentic hadith text would be provided here from verified sources]",
    "source": "sunnah.com",
    "collection": "riyadussaliheen"
  },
  {
    "id": 23,
    "book": "Riyad as-Salihin",
    "chapter": "Patience",
    "hadithNumber": 23,
    "arabicText": "نص الحديث الشريف رقم 23 في الصبر",
    "englishText": "The text of the noble hadith number 23 about Patience. [Authentic hadith text would be provided here from verified sources]",
    "source": "sunnah.com",
    "collection": "riyadussaliheen"
  },
  {
    "id": 24,
    "book": "Riyad as-Salihin",
    "chapter": "Patience",
    "hadithNumber": 24,
    "arabicText": "نص الحديث الشريف رقم 24 في الصبر",
    "englishText": "The text of the noble hadith number 24 about Patience. [Authentic hadith text would be provided here from verified sources]",
    "source": "sunnah.com",
    "collection": "riyadussaliheen"
  },
  {
    "id": 25,
    "book": "Riyad as-Salihin",
    "chapter": "Patience",
    "hadithNumber": 25,
    "arabicText": "نص الحديث الشريف رقم 25 في الصبر",
    "englishText": "The text of the noble hadith number 25 about Patience. [Authentic hadith text would be provided here from verified sources]",
    "source": "sunnah.com",
    "collection": "riyadussaliheen"
  },
  {
    "id": 26,
    "book": "Riyad as-Salihin",
    "chapter": "Patience",
    "hadithNumber": 26,
    "arabicText": "نص الحديث الشريف رقم 26 في الصبر",
    "englishText": "The text of the noble hadith number 26 about Patience. [Authentic hadith text would be provided here from verified sources]",
    "source": "sunnah.com",
    "collection": "riyadussaliheen"
  },
  {
    "id": 27,
    "book": "Riyad as-Salihin",
    "chapter": "Gratitude",
    "hadithNumber": 27,
    "arabicText": "نص الحديث الشريف رقم 27 في الشكر",
    "englishText": "The text of the noble hadith number 27 about Gratitude. [Authentic hadith text would be provided here from verified sources]",
    "source": "sunnah.com",
    "collection": "riyadussaliheen"
  },
  {
    "id": 28,
    "book": "Riyad as-Salihin",
    "chapter": "Gratitude",
    "hadithNumber": 28,
    "arabicText": "نص الحديث الشريف رقم 28 في الشكر",
    "englishText": "The text of the noble hadith number 28 about Gratitude. [Authentic hadith text would be provided here from verified sources]",
    "source": "sunnah.com",
    "collection": "riyadussaliheen"
  },
  {
    "id": 29,
    "book": "Riyad as-Salihin",
    "chapter": "Gratitude",
    "hadithNumber": 29,
    "arabicText": "نص الحديث الشريف رقم 29 في الشكر",
    "englishText": "The text of the noble hadith number 29 about Gratitude. [Authentic hadith text would be provided here from verified sources]",
    "source": "sunnah.com",
    "collection": "riyadussaliheen"
  },
  {
    "id": 30,
    "book": "Riyad as-Salihin",
    "chapter": "Gratitude",
    "hadithNumber": 30,
    "arabicText": "نص الحديث الشريف رقم 30 في الشكر",
    "englishText": "The text of the noble hadith number 30 about Gratitude. [Authentic hadith text would be provided here from verified sources]",
    "source": "sunnah.com",
    "collection": "riyadussaliheen"
  },
  {
    "id": 31,
    "book": "Riyad as-Salihin",
    "chapter": "Gratitude",
    "hadithNumber": 31,
    "arabicText": "نص الحديث الشريف رقم 31 في الشكر",
    "englishText": "The text of the noble hadith number 31 about Gratitude. [Authentic hadith text would be provided here from verified sources]",
    "source": "sunnah.com",
    "collection": "riyadussaliheen"
  },
  {
    "id": 32,
    "book": "Riyad as-Salihin",
    "chapter": "Gratitude",
    "hadithNumber": 32,
    "arabicText": "نص الحديث الشريف رقم 32 في الشكر",
    "englishText": "The text of the noble hadith number 32 about Gratitude. [Authentic hadith text would be provided here from verified sources]",
    "source": "sunnah.com",
    "collection": "riyadussaliheen"
  },
  {
    "id": 33,
    "book": "Riyad as-Salihin",
    "chapter": "Gratitude",
    "hadithNumber": 33,
    "arabicText": "نص الحديث الشريف رقم 33 في الشكر",
    "englishText": "The text of the noble hadith number 33 about Gratitude. [Authentic hadith text would be provided here from verified sources]",
    "source": "sunnah.com",
    "collection": "riyadussaliheen"
  },
  {
    "id": 34,
    "book": "Riyad as-Salihin",
    "chapter": "Gratitude",
    "hadithNumber": 34,
    "arabicText": "نص الحديث الشريف رقم 34 في الشكر",
    "englishText": "The text of the noble hadith number 34 about Gratitude. [Authentic hadith text would be provided here from verified sources]",
    "source": "sunnah.com",
    "collection": "riyadussaliheen"
  },
  {
    "id": 35,
    "book": "Riyad as-Salihin",
    "chapter": "Fear and Hope",
    "hadithNumber": 35,
    "arabicText": "نص الحديث الشريف رقم 35 في الخوف والرجاء",
    "englishText": "The text of the noble hadith number 35 about Fear and Hope. [Authentic hadith text would be provided here from verified sources]",
    "source": "sunnah.com",
    "collection": "riyadussaliheen"
  },
  {
    "id": 36,
    "book": "Riyad as-Salihin",
    "chapter": "Fear and Hope",
    "hadithNumber": 36,
    "arabicText": "نص الحديث الشريف رقم 36 في الخوف والرجاء",
    "englishText": "The text of the noble hadith number 36 about Fear and Hope. [Authentic hadith text would be provided here from verified sources]",
    "source": "sunnah.com",
    "collection": "riyadussaliheen"
  },
  {
    "id": 37,
    "book": "Riyad as-Salihin",
    "chapter": "Fear and Hope",
    "hadithNumber": 37,
    "arabicText": "نص الحديث الشريف رقم 37 في الخوف والرجاء",
    "englishText": "The text of the noble hadith number 37 about Fear and Hope. [Authentic hadith text would be provided here from verified sources]",
    "source": "sunnah.com",
    "collection": "riyadussaliheen"
  },
  {
    "id": 38,
    "book": "Riyad as-Salihin",
    "chapter": "Fear and Hope",
    "hadithNumber": 38,
    "arabicText": "نص الحديث الشريف رقم 38 في الخوف والرجاء",
    "englishText": "The text of the noble hadith number 38 about Fear and Hope. [Authentic hadith text would be provided here from verified sources]",
    "source": "sunnah.com",
    "collection": "riyadussaliheen"
  },
  {
    "id": 39,
    "book": "Riyad as-Salihin",
    "chapter": "Fear and Hope",
    "hadithNumber": 39,
    "arabicText": "نص الحديث الشريف رقم 39 في الخوف والرجاء",
    "englishText": "The text of the noble hadith number 39 about Fear and Hope. [Authentic hadith text would be provided here from verified sources]",
    "source": "sunnah.com",
    "collection": "riyadussaliheen"
  },
  {
    "id": 40,
    "book": "Riyad as-Salihin",
    "chapter": "Fear and Hope",
    "hadithNumber": 40,
    "arabicText": "نص الحديث الشريف رقم 40 في الخوف والرجاء",
    "englishText": "The text of the noble hadith number 40 about Fear and Hope. [Authentic hadith text would be provided here from verified sources]",
    "source": "sunnah.com",
    "collection": "riyadussaliheen"
  },
  {
    "id": 41,
    "book": "Riyad as-Salihin",
    "chapter": "Fear and Hope",
    "hadithNumber": 41,
    "arabicText": "نص الحديث الشريف رقم 41 في الخوف والرجاء",
    "englishText": "The text of the noble hadith number 41 about Fear and Hope. [Authentic hadith text would be provided here from verified sources]",
    "source": "sunnah.com",
    "collection": "riyadussaliheen"
  },
  {
    "id": 42,
    "book": "Riyad as-Salihin",
    "chapter": "Fear and Hope",
    "hadithNumber": 42,
    "arabicText": "نص الحديث الشريف رقم 42 في الخوف والرجاء",
    "englishText": "The text of the noble hadith number 42 about Fear and Hope. [Authentic hadith text would be provided here from verified sources]",
    "source": "sunnah.com",
    "collection": "riyadussaliheen"
  },
  {
    "id": 43,
    "book": "Riyad as-Salihin",
    "chapter": "Remembrance of Death",
    "hadithNumber": 43,
    "arabicText": "نص الحديث الشريف رقم 43 في ذكر الموت",
    "englishText": "The text of the noble hadith number 43 about Remembrance of Death. [Authentic hadith text would be provided here from verified sources]",
    "source": "sunnah.com",
    "collection": "riyadussaliheen"
  },
  {
    "id": 44,
    "book": "Riyad as-Salihin",
    "chapter": "Remembrance of Death",
    "hadithNumber": 44,
    "arabicText": "نص الحديث الشريف رقم 44 في ذكر الموت",
    "englishText": "The text of the noble hadith number 44 about Remembrance of Death. [Authentic hadith text would be provided here from verified sources]",
    "source": "sunnah.com",
    "collection": "riyadussaliheen"
  },
  {
    "id": 45,
    "book": "Riyad as-Salihin",
    "chapter": "Remembrance of Death",
    "hadithNumber": 45,
    "arabicText": "نص الحديث الشريف رقم 45 في ذكر الموت",
    "englishText": "The text of the noble hadith number 45 about Remembrance of Death. [Authentic hadith text would be provided here from verified sources]",
    "source": "sunnah.com",
    "collection": "riyadussaliheen"
  },
  {
    "id": 46,
    "book": "Riyad as-Salihin",
    "chapter": "Remembrance of Death",
    "hadithNumber": 46,
    "arabicText": "نص الحديث الشريف رقم 46 في ذكر الموت",
    "englishText": "The text of the noble hadith number 46 about Remembrance of Death. [Authentic hadith text would be provided here from verified sources]",
    "source": "sunnah.com",
    "collection": "riyadussaliheen"
  },
  {
    "id": 47,
    "book": "Riyad as-Salihin",
    "chapter": "Remembrance of Death",
    "hadithNumber": 47,
    "arabicText": "نص الحديث الشريف رقم 47 في ذكر الموت",
    "englishText": "The text of the noble hadith number 47 about Remembrance of Death. [Authentic hadith text would be provided here from verified sources]",
    "source": "sunnah.com",
    "collection": "riyadussaliheen"
  },
  {
    "id": 48,
    "book": "Riyad as-Salihin",
    "chapter": "Remembrance of Death",
    "hadithNumber": 48,
    "arabicText": "نص الحديث الشريف رقم 48 في ذكر الموت",
    "englishText": "The text of the noble hadith number 48 about Remembrance of Death. [Authentic hadith text would be provided here from verified sources]",
    "source": "sunnah.com",
    "collection": "riyadussaliheen"
  },
  {
    "id": 49,
    "book": "Riyad as-Salihin",
    "chapter": "Remembrance of Death",
    "hadithNumber": 49,
    "arabicText": "نص الحديث الشريف رقم 49 في ذكر الموت",
    "englishText": "The text of the noble hadith number 49 about Remembrance of Death. [Authentic hadith text would be provided here from verified sources]",
    "source": "sunnah.com",
    "collection": "riyadussaliheen"
  },
  {
    "id": 50,
    "book": "Riyad as-Salihin",
    "chapter": "Remembrance of Death",
    "hadithNumber": 50,
    "arabicText": "نص الحديث الشريف رقم 50 في ذكر الموت",
    "englishText": "The text of the noble hadith number 50 about Remembrance of Death. [Authentic hadith text would be provided here from verified sources]",
    "source": "sunnah.com",
    "collection": "riyadussaliheen"
  },
  {
    "id": 51,
    "book": "Riyad as-Salihin",
    "chapter": "Good Character",
    "hadithNumber": 51,
    "arabicText": "نص الحديث الشريف رقم 51 في حُسن الخُلُق",
    "englishText": "The text of the noble hadith number 51 about Good Character. [Authentic hadith text would be provided here from verified sources]",
    "source": "sunnah.com",
    "collection": "riyadussaliheen"
  },
  {
    "id": 52,
    "book": "Riyad as-Salihin",
    "chapter": "Good Character",
    "hadithNumber": 52,
    "arabicText": "نص الحديث الشريف رقم 52 في حُسن الخُلُق",
    "englishText": "The text of the noble hadith number 52 about Good Character. [Authentic hadith text would be provided here from verified sources]",
    "source": "sunnah.com",
    "collection": "riyadussaliheen"
  },
  {
    "id": 53,
    "book": "Riyad as-Salihin",
    "chapter": "Good Character",
    "hadithNumber": 53,
    "arabicText": "نص الحديث الشريف رقم 53 في حُسن الخُلُق",
    "englishText": "The text of the noble hadith number 53 about Good Character. [Authentic hadith text would be provided here from verified sources]",
    "source": "sunnah.com",
    "collection": "riyadussaliheen"
  },
  {
    "id": 54,
    "book": "Riyad as-Salihin",
    "chapter": "Good Character",
    "hadithNumber": 54,
    "arabicText": "نص الحديث الشريف رقم 54 في حُسن الخُلُق",
    "englishText": "The text of the noble hadith number 54 about Good Character. [Authentic hadith text would be provided here from verified sources]",
    "source": "sunnah.com",
    "collection": "riyadussaliheen"
  },
  {
    "id": 55,
    "book": "Riyad as-Salihin",
    "chapter": "Good Character",
    "hadithNumber": 55,
    "arabicText": "نص الحديث الشريف رقم 55 في حُسن الخُلُق",
    "englishText": "The text of the noble hadith number 55 about Good Character. [Authentic hadith text would be provided here from verified sources]",
    "source": "sunnah.com",
    "collection": "riyadussaliheen"
  },
  {
    "id": 56,
    "book": "Riyad as-Salihin",
    "chapter": "Good Character",
    "hadithNumber": 56,
    "arabicText": "نص الحديث الشريف رقم 56 في حُسن الخُلُق",
    "englishText": "The text of the noble hadith number 56 about Good Character. [Authentic hadith text would be provided here from verified sources]",
    "source": "sunnah.com",
    "collection": "riyadussaliheen"
  },
  {
    "id": 57,
    "book": "Riyad as-Salihin",
    "chapter": "Good Character",
    "hadithNumber": 57,
    "arabicText": "نص الحديث الشريف رقم 57 في حُسن الخُلُق",
    "englishText": "The text of the noble hadith number 57 about Good Character. [Authentic hadith text would be provided here from verified sources]",
    "source": "sunnah.com",
    "collection": "riyadussaliheen"
  },
  {
    "id": 58,
    "book": "Riyad as-Salihin",
    "chapter": "Good Character",
    "hadithNumber": 58,
    "arabicText": "نص الحديث الشريف رقم 58 في حُسن الخُلُق",
    "englishText": "The text of the noble hadith number 58 about Good Character. [Authentic hadith text would be provided here from verified sources]",
    "source": "sunnah.com",
    "collection": "riyadussaliheen"
  },
  {
    "id": 59,
    "book": "Riyad as-Salihin",
    "chapter": "Honesty",
    "hadithNumber": 59,
    "arabicText": "نص الحديث الشريف رقم 59 في الصدق",
    "englishText": "The text of the noble hadith number 59 about Honesty. [Authentic hadith text would be provided here from verified sources]",
    "source": "sunnah.com",
    "collection": "riyadussaliheen"
  },
  {
    "id": 60,
    "book": "Riyad as-Salihin",
    "chapter": "Honesty",
    "hadithNumber": 60,
    "arabicText": "نص الحديث الشريف رقم 60 في الصدق",
    "englishText": "The text of the noble hadith number 60 about Honesty. [Authentic hadith text would be provided here from verified sources]",
    "source": "sunnah.com",
    "collection": "riyadussaliheen"
  },
  {
    "id": 61,
    "book": "Riyad as-Salihin",
    "chapter": "Honesty",
    "hadithNumber": 61,
    "arabicText": "نص الحديث الشريف رقم 61 في الصدق",
    "englishText": "The text of the noble hadith number 61 about Honesty. [Authentic hadith text would be provided here from verified sources]",
    "source": "sunnah.com",
    "collection": "riyadussaliheen"
  },
  {
    "id": 62,
    "book": "Riyad as-Salihin",
    "chapter": "Honesty",
    "hadithNumber": 62,
    "arabicText": "نص الحديث الشريف رقم 62 في الصدق",
    "englishText": "The text of the noble hadith number 62 about Honesty. [Authentic hadith text would be provided here from verified sources]",
    "source": "sunnah.com",
    "collection": "riyadussaliheen"
  },
  {
    "id": 63,
    "book": "Riyad as-Salihin",
    "chapter": "Honesty",
    "hadithNumber": 63,
    "arabicText": "نص الحديث الشريف رقم 63 في الصدق",
    "englishText": "The text of the noble hadith number 63 about Honesty. [Authentic hadith text would be provided here from verified sources]",
    "source": "sunnah.com",
    "collection": "riyadussaliheen"
  },
  {
    "id": 64,
    "book": "Riyad as-Salihin",
    "chapter": "Honesty",
    "hadithNumber": 64,
    "arabicText": "نص الحديث الشريف رقم 64 في الصدق",
    "englishText": "The text of the noble hadith number 64 about Honesty. [Authentic hadith text would be provided here from verified sources]",
    "source": "sunnah.com",
    "collection": "riyadussaliheen"
  },
  {
    "id": 65,
    "book": "Riyad as-Salihin",
    "chapter": "Honesty",
    "hadithNumber": 65,
    "arabicText": "نص الحديث الشريف رقم 65 في الصدق",
    "englishText": "The text of the noble hadith number 65 about Honesty. [Authentic hadith text would be provided here from verified sources]",
    "source": "sunnah.com",
    "collection": "riyadussaliheen"
  },
  {
    "id": 66,
    "book": "Riyad as-Salihin",
    "chapter": "Honesty",
    "hadithNumber": 66,
    "arabicText": "نص الحديث الشريف رقم 66 في الصدق",
    "englishText": "The text of the noble hadith number 66 about Honesty. [Authentic hadith text would be provided here from verified sources]",
    "source": "sunnah.com",
    "collection": "riyadussaliheen"
  },
  {
    "id": 67,
    "book": "Riyad as-Salihin",
    "chapter": "Keeping Promises",
    "hadithNumber": 67,
    "arabicText": "نص الحديث الشريف رقم 67 في الوفاء بالعهد",
    "englishText": "The text of the noble hadith number 67 about Keeping Promises. [Authentic hadith text would be provided here from verified sources]",
    "source": "sunnah.com",
    "collection": "riyadussaliheen"
  },
  {
    "id": 68,
    "book": "Riyad as-Salihin",
    "chapter": "Keeping Promises",
    "hadithNumber": 68,
    "arabicText": "نص الحديث الشريف رقم 68 في الوفاء بالعهد",
    "englishText": "The text of the noble hadith number 68 about Keeping Promises. [Authentic hadith text would be provided here from verified sources]",
    "source": "sunnah.com",
    "collection": "riyadussaliheen"
  },
  {
    "id": 69,
    "book": "Riyad as-Salihin",
    "chapter": "Keeping Promises",
    "hadithNumber": 69,
    "arabicText": "نص الحديث الشريف رقم 69 في الوفاء بالعهد",
    "englishText": "The text of the noble hadith number 69 about Keeping Promises. [Authentic hadith text would be provided here from verified sources]",
    "source": "sunnah.com",
    "collection": "riyadussaliheen"
  },
  {
    "id": 70,
    "book": "Riyad as-Salihin",
    "chapter": "Keeping Promises",
    "hadithNumber": 70,
    "arabicText": "نص الحديث الشريف رقم 70 في الوفاء بالعهد",
    "englishText": "The text of the noble hadith number 70 about Keeping Promises. [Authentic hadith text would be provided here from verified sources]",
    "source": "sunnah.com",
    "collection": "riyadussaliheen"
  },
  {
    "id": 71,
    "book": "Riyad as-Salihin",
    "chapter": "Keeping Promises",
    "hadithNumber": 71,
    "arabicText": "نص الحديث الشريف رقم 71 في الوفاء بالعهد",
    "englishText": "The text of the noble hadith number 71 about Keeping Promises. [Authentic hadith text would be provided here from verified sources]",
    "source": "sunnah.com",
    "collection": "riyadussaliheen"
  },
  {
    "id": 72,
    "book": "Riyad as-Salihin",
    "chapter": "Keeping Promises",
    "hadithNumber": 72,
    "arabicText": "نص الحديث الشريف رقم 72 في الوفاء بالعهد",
    "englishText": "The text of the noble hadith number 72 about Keeping Promises. [Authentic hadith text would be provided here from verified sources]",
    "source": "sunnah.com",
    "collection": "riyadussaliheen"
  },
  {
    "id": 73,
    "book": "Riyad as-Salihin",
    "chapter": "Keeping Promises",
    "hadithNumber": 73,
    "arabicText": "نص الحديث الشريف رقم 73 في الوفاء بالعهد",
    "englishText": "The text of the noble hadith number 73 about Keeping Promises. [Authentic hadith text would be provided here from verified sources]",
    "source": "sunnah.com",
    "collection": "riyadussaliheen"
  },
  {
    "id": 74,
    "book": "Riyad as-Salihin",
    "chapter": "Keeping Promises",
    "hadithNumber": 74,
    "arabicText": "نص الحديث الشريف رقم 74 في الوفاء بالعهد",
    "englishText": "The text of the noble hadith number 74 about Keeping Promises. [Authentic hadith text would be provided here from verified sources]",
    "source": "sunnah.com",
    "collection": "riyadussaliheen"
  },
  {
    "id": 75,
    "book": "Riyad as-Salihin",
    "chapter": "Justice",
    "hadithNumber": 75,
    "arabicText": "نص الحديث الشريف رقم 75 في العدل",
    "englishText": "The text of the noble hadith number 75 about Justice. [Authentic hadith text would be provided here from verified sources]",
    "source": "sunnah.com",
    "collection": "riyadussaliheen"
  },
  {
    "id": 76,
    "book": "Riyad as-Salihin",
    "chapter": "Justice",
    "hadithNumber": 76,
    "arabicText": "نص الحديث الشريف رقم 76 في العدل",
    "englishText": "The text of the noble hadith number 76 about Justice. [Authentic hadith text would be provided here from verified sources]",
    "source": "sunnah.com",
    "collection": "riyadussaliheen"
  },
  {
    "id": 77,
    "book": "Riyad as-Salihin",
    "chapter": "Justice",
    "hadithNumber": 77,
    "arabicText": "نص الحديث الشريف رقم 77 في العدل",
    "englishText": "The text of the noble hadith number 77 about Justice. [Authentic hadith text would be provided here from verified sources]",
    "source": "sunnah.com",
    "collection": "riyadussaliheen"
  },
  {
    "id": 78,
    "book": "Riyad as-Salihin",
    "chapter": "Justice",
    "hadithNumber": 78,
    "arabicText": "نص الحديث الشريف رقم 78 في العدل",
    "englishText": "The text of the noble hadith number 78 about Justice. [Authentic hadith text would be provided here from verified sources]",
    "source": "sunnah.com",
    "collection": "riyadussaliheen"
  },
  {
    "id": 79,
    "book": "Riyad as-Salihin",
    "chapter": "Justice",
    "hadithNumber": 79,
    "arabicText": "نص الحديث الشريف رقم 79 في العدل",
    "englishText": "The text of the noble hadith number 79 about Justice. [Authentic hadith text would be provided here from verified sources]",
    "source": "sunnah.com",
    "collection": "riyadussaliheen"
  },
  {
    "id": 80,
    "book": "Riyad as-Salihin",
    "chapter": "Justice",
    "hadithNumber": 80,
    "arabicText": "نص الحديث الشريف رقم 80 في العدل",
    "englishText": "The text of the noble hadith number 80 about Justice. [Authentic hadith text would be provided here from verified sources]",
    "source": "sunnah.com",
    "collection": "riyadussaliheen"
  },
  {
    "id": 81,
    "book": "Riyad as-Salihin",
    "chapter": "Justice",
    "hadithNumber": 81,
    "arabicText": "نص الحديث الشريف رقم 81 في العدل",
    "englishText": "The text of the noble hadith number 81 about Justice. [Authentic hadith text would be provided here from verified sources]",
    "source": "sunnah.com",
    "collection": "riyadussaliheen"
  },
  {
    "id": 82,
    "book": "Riyad as-Salihin",
    "chapter": "Justice",
    "hadithNumber": 82,
    "arabicText": "نص الحديث الشريف رقم 82 في العدل",
    "englishText": "The text of the noble hadith number 82 about Justice. [Authentic hadith text would be provided here from verified sources]",
    "source": "sunnah.com",
    "collection": "riyadussaliheen"
  },
  {
    "id": 83,
    "book": "Riyad as-Salihin",
    "chapter": "Modesty",
    "hadithNumber": 83,
    "arabicText": "نص الحديث الشريف رقم 83 في التواضع",
    "englishText": "The text of the noble hadith number 83 about Modesty. [Authentic hadith text would be provided here from verified sources]",
    "source": "sunnah.com",
    "collection": "riyadussaliheen"
  },
  {
    "id": 84,
    "book": "Riyad as-Salihin",
    "chapter": "Modesty",
    "hadithNumber": 84,
    "arabicText": "نص الحديث الشريف رقم 84 في التواضع",
    "englishText": "The text of the noble hadith number 84 about Modesty. [Authentic hadith text would be provided here from verified sources]",
    "source": "sunnah.com",
    "collection": "riyadussaliheen"
  },
  {
    "id": 85,
    "book": "Riyad as-Salihin",
    "chapter": "Modesty",
    "hadithNumber": 85,
    "arabicText": "نص الحديث الشريف رقم 85 في التواضع",
    "englishText": "The text of the noble hadith number 85 about Modesty. [Authentic hadith text would be provided here from verified sources]",
    "source": "sunnah.com",
    "collection": "riyadussaliheen"
  },
  {
    "id": 86,
    "book": "Riyad as-Salihin",
    "chapter": "Modesty",
    "hadithNumber": 86,
    "arabicText": "نص الحديث الشريف رقم 86 في التواضع",
    "englishText": "The text of the noble hadith number 86 about Modesty. [Authentic hadith text would be provided here from verified sources]",
    "source": "sunnah.com",
    "collection": "riyadussaliheen"
  },
  {
    "id": 87,
    "book": "Riyad as-Salihin",
    "chapter": "Modesty",
    "hadithNumber": 87,
    "arabicText": "نص الحديث الشريف رقم 87 في التواضع",
    "englishText": "The text of the noble hadith number 87 about Modesty. [Authentic hadith text would be provided here from verified sources]",
    "source": "sunnah.com",
    "collection": "riyadussaliheen"
  },
  {
    "id": 88,
    "book": "Riyad as-Salihin",
    "chapter": "Modesty",
    "hadithNumber": 88,
    "arabicText": "نص الحديث الشريف رقم 88 في التواضع",
    "englishText": "The text of the noble hadith number 88 about Modesty. [Authentic hadith text would be provided here from verified sources]",
    "source": "sunnah.com",
    "collection": "riyadussaliheen"
  },
  {
    "id": 89,
    "book": "Riyad as-Salihin",
    "chapter": "Modesty",
    "hadithNumber": 89,
    "arabicText": "نص الحديث الشريف رقم 89 في التواضع",
    "englishText": "The text of the noble hadith number 89 about Modesty. [Authentic hadith text would be provided here from verified sources]",
    "source": "sunnah.com",
    "collection": "riyadussaliheen"
  },
  {
    "id": 90,
    "book": "Riyad as-Salihin",
    "chapter": "Modesty",
    "hadithNumber": 90,
    "arabicText": "نص الحديث الشريف رقم 90 في التواضع",
    "englishText": "The text of the noble hadith number 90 about Modesty. [Authentic hadith text would be provided here from verified sources]",
    "source": "sunnah.com",
    "collection": "riyadussaliheen"
  },
  {
    "id": 91,
    "book": "Riyad as-Salihin",
    "chapter": "Good Treatment of Parents",
    "hadithNumber": 91,
    "arabicText": "نص الحديث الشريف رقم 91 في بر الوالدين",
    "englishText": "The text of the noble hadith number 91 about Good Treatment of Parents. [Authentic hadith text would be provided here from verified sources]",
    "source": "sunnah.com",
    "collection": "riyadussaliheen"
  },
  {
    "id": 92,
    "book": "Riyad as-Salihin",
    "chapter": "Good Treatment of Parents",
    "hadithNumber": 92,
    "arabicText": "نص الحديث الشريف رقم 92 في بر الوالدين",
    "englishText": "The text of the noble hadith number 92 about Good Treatment of Parents. [Authentic hadith text would be provided here from verified sources]",
    "source": "sunnah.com",
    "collection": "riyadussaliheen"
  },
  {
    "id": 93,
    "book": "Riyad as-Salihin",
    "chapter": "Good Treatment of Parents",
    "hadithNumber": 93,
    "arabicText": "نص الحديث الشريف رقم 93 في بر الوالدين",
    "englishText": "The text of the noble hadith number 93 about Good Treatment of Parents. [Authentic hadith text would be provided here from verified sources]",
    "source": "sunnah.com",
    "collection": "riyadussaliheen"
  },
  {
    "id": 94,
    "book": "Riyad as-Salihin",
    "chapter": "Good Treatment of Parents",
    "hadithNumber": 94,
    "arabicText": "نص الحديث الشريف رقم 94 في بر الوالدين",
    "englishText": "The text of the noble hadith number 94 about Good Treatment of Parents. [Authentic hadith text would be provided here from verified sources]",
    "source": "sunnah.com",
    "collection": "riyadussaliheen"
  },
  {
    "id": 95,
    "book": "Riyad as-Salihin",
    "chapter": "Good Treatment of Parents",
    "hadithNumber": 95,
    "arabicText": "نص الحديث الشريف رقم 95 في بر الوالدين",
    "englishText": "The text of the noble hadith number 95 about Good Treatment of Parents. [Authentic hadith text would be provided here from verified sources]",
    "source": "sunnah.com",
    "collection": "riyadussaliheen"
  },
  {
    "id": 96,
    "book": "Riyad as-Salihin",
    "chapter": "Good Treatment of Parents",
    "hadithNumber": 96,
    "arabicText": "نص الحديث الشريف رقم 96 في بر الوالدين",
    "englishText": "The text of the noble hadith number 96 about Good Treatment of Parents. [Authentic hadith text would be provided here from verified sources]",
    "source": "sunnah.com",
    "collection": "riyadussaliheen"
  },
  {
    "id": 97,
    "book": "Riyad as-Salihin",
    "chapter": "Good Treatment of Parents",
    "hadithNumber": 97,
    "arabicText": "نص الحديث الشريف رقم 97 في بر الوالدين",
    "englishText": "The text of the noble hadith number 97 about Good Treatment of Parents. [Authentic hadith text would be provided here from verified sources]",
    "source": "sunnah.com",
    "collection": "riyadussaliheen"
  },
  {
    "id": 98,
    "book": "Riyad as-Salihin",
    "chapter": "Good Treatment of Parents",
    "hadithNumber": 98,
    "arabicText": "نص الحديث الشريف رقم 98 في بر الوالدين",
    "englishText": "The text of the noble hadith number 98 about Good Treatment of Parents. [Authentic hadith text would be provided here from verified sources]",
    "source": "sunnah.com",
    "collection": "riyadussaliheen"
  },
  {
    "id": 99,
    "book": "Riyad as-Salihin",
    "chapter": "Maintaining Family Ties",
    "hadithNumber": 99,
    "arabicText": "نص الحديث الشريف رقم 99 في صلة الرحم",
    "englishText": "The text of the noble hadith number 99 about Maintaining Family Ties. [Authentic hadith text would be provided here from verified sources]",
    "source": "sunnah.com",
    "collection": "riyadussaliheen"
  },
  {
    "id": 100,
    "book": "Riyad as-Salihin",
    "chapter": "Maintaining Family Ties",
    "hadithNumber": 100,
    "arabicText": "نص الحديث الشريف رقم 100 في صلة الرحم",
    "englishText": "The text of the noble hadith number 100 about Maintaining Family Ties. [Authentic hadith text would be provided here from verified sources]",
    "source": "sunnah.com",
    "collection": "riyadussaliheen"
  },
  {
    "id": 101,
    "book": "Riyad as-Salihin",
    "chapter": "Maintaining Family Ties",
    "hadithNumber": 101,
    "arabicText": "نص الحديث الشريف رقم 101 في صلة الرحم",
    "englishText": "The text of the noble hadith number 101 about Maintaining Family Ties. [Authentic hadith text would be provided here from verified sources]",
    "source": "sunnah.com",
    "collection": "riyadussaliheen"
  },
  {
    "id": 102,
    "book": "Riyad as-Salihin",
    "chapter": "Maintaining Family Ties",
    "hadithNumber": 102,
    "arabicText": "نص الحديث الشريف رقم 102 في صلة الرحم",
    "englishText": "The text of the noble hadith number 102 about Maintaining Family Ties. [Authentic hadith text would be provided here from verified sources]",
    "source": "sunnah.com",
    "collection": "riyadussaliheen"
  },
  {
    "id": 103,
    "book": "Riyad as-Salihin",
    "chapter": "Maintaining Family Ties",
    "hadithNumber": 103,
    "arabicText": "نص الحديث الشريف رقم 103 في صلة الرحم",
    "englishText": "The text of the noble hadith number 103 about Maintaining Family Ties. [Authentic hadith text would be provided here from verified sources]",
    "source": "sunnah.com",
    "collection": "riyadussaliheen"
  },
  {
    "id": 104,
    "book": "Riyad as-Salihin",
    "chapter": "Maintaining Family Ties",
    "hadithNumber": 104,
    "arabicText": "نص الحديث الشريف رقم 104 في صلة الرحم",
    "englishText": "The text of the noble hadith number 104 about Maintaining Family Ties. [Authentic hadith text would be provided here from verified sources]",
    "source": "sunnah.com",
    "collection": "riyadussaliheen"
  },
  {
    "id": 105,
    "book": "Riyad as-Salihin",
    "chapter": "Maintaining Family Ties",
    "hadithNumber": 105,
    "arabicText": "نص الحديث الشريف رقم 105 في صلة الرحم",
    "englishText": "The text of the noble hadith number 105 about Maintaining Family Ties. [Authentic hadith text would be provided here from verified sources]",
    "source": "sunnah.com",
    "collection": "riyadussaliheen"
  },
  {
    "id": 106,
    "book": "Riyad as-Salihin",
    "chapter": "Maintaining Family Ties",
    "hadithNumber": 106,
    "arabicText": "نص الحديث الشريف رقم 106 في صلة الرحم",
    "englishText": "The text of the noble hadith number 106 about Maintaining Family Ties. [Authentic hadith text would be provided here from verified sources]",
    "source": "sunnah.com",
    "collection": "riyadussaliheen"
  },
  {
    "id": 107,
    "book": "Riyad as-Salihin",
    "chapter": "Rights of Neighbors",
    "hadithNumber": 107,
    "arabicText": "نص الحديث الشريف رقم 107 في حقوق الجيران",
    "englishText": "The text of the noble hadith number 107 about Rights of Neighbors. [Authentic hadith text would be provided here from verified sources]",
    "source": "sunnah.com",
    "collection": "riyadussaliheen"
  },
  {
    "id": 108,
    "book": "Riyad as-Salihin",
    "chapter": "Rights of Neighbors",
    "hadithNumber": 108,
    "arabicText": "نص الحديث الشريف رقم 108 في حقوق الجيران",
    "englishText": "The text of the noble hadith number 108 about Rights of Neighbors. [Authentic hadith text would be provided here from verified sources]",
    "source": "sunnah.com",
    "collection": "riyadussaliheen"
  },
  {
    "id": 109,
    "book": "Riyad as-Salihin",
    "chapter": "Rights of Neighbors",
    "hadithNumber": 109,
    "arabicText": "نص الحديث الشريف رقم 109 في حقوق الجيران",
    "englishText": "The text of the noble hadith number 109 about Rights of Neighbors. [Authentic hadith text would be provided here from verified sources]",
    "source": "sunnah.com",
    "collection": "riyadussaliheen"
  },
  {
    "id": 110,
    "book": "Riyad as-Salihin",
    "chapter": "Rights of Neighbors",
    "hadithNumber": 110,
    "arabicText": "نص الحديث الشريف رقم 110 في حقوق الجيران",
    "englishText": "The text of the noble hadith number 110 about Rights of Neighbors. [Authentic hadith text would be provided here from verified sources]",
    "source": "sunnah.com",
    "collection": "riyadussaliheen"
  },
  {
    "id": 111,
    "book": "Riyad as-Salihin",
    "chapter": "Rights of Neighbors",
    "hadithNumber": 111,
    "arabicText": "نص الحديث الشريف رقم 111 في حقوق الجيران",
    "englishText": "The text of the noble hadith number 111 about Rights of Neighbors. [Authentic hadith text would be provided here from verified sources]",
    "source": "sunnah.com",
    "collection": "riyadussaliheen"
  },
  {
    "id": 112,
    "book": "Riyad as-Salihin",
    "chapter": "Rights of Neighbors",
    "hadithNumber": 112,
    "arabicText": "نص الحديث الشريف رقم 112 في حقوق الجيران",
    "englishText": "The text of the noble hadith number 112 about Rights of Neighbors. [Authentic hadith text would be provided here from verified sources]",
    "source": "sunnah.com",
    "collection": "riyadussaliheen"
  },
  {
    "id": 113,
    "book": "Riyad as-Salihin",
    "chapter": "Rights of Neighbors",
    "hadithNumber": 113,
    "arabicText": "نص الحديث الشريف رقم 113 في حقوق الجيران",
    "englishText": "The text of the noble hadith number 113 about Rights of Neighbors. [Authentic hadith text would be provided here from verified sources]",
    "source": "sunnah.com",
    "collection": "riyadussaliheen"
  },
  {
    "id": 114,
    "book": "Riyad as-Salihin",
    "chapter": "Rights of Neighbors",
    "hadithNumber": 114,
    "arabicText": "نص الحديث الشريف رقم 114 في حقوق الجيران",
    "englishText": "The text of the noble hadith number 114 about Rights of Neighbors. [Authentic hadith text would be provided here from verified sources]",
    "source": "sunnah.com",
    "collection": "riyadussaliheen"
  },
  {
    "id": 115,
    "book": "Riyad as-Salihin",
    "chapter": "Visiting the Sick",
    "hadithNumber": 115,
    "arabicText": "نص الحديث الشريف رقم 115 في عيادة المريض",
    "englishText": "The text of the noble hadith number 115 about Visiting the Sick. [Authentic hadith text would be provided here from verified sources]",
    "source": "sunnah.com",
    "collection": "riyadussaliheen"
  },
  {
    "id": 116,
    "book": "Riyad as-Salihin",
    "chapter": "Visiting the Sick",
    "hadithNumber": 116,
    "arabicText": "نص الحديث الشريف رقم 116 في عيادة المريض",
    "englishText": "The text of the noble hadith number 116 about Visiting the Sick. [Authentic hadith text would be provided here from verified sources]",
    "source": "sunnah.com",
    "collection": "riyadussaliheen"
  },
  {
    "id": 117,
    "book": "Riyad as-Salihin",
    "chapter": "Visiting the Sick",
    "hadithNumber": 117,
    "arabicText": "نص الحديث الشريف رقم 117 في عيادة المريض",
    "englishText": "The text of the noble hadith number 117 about Visiting the Sick. [Authentic hadith text would be provided here from verified sources]",
    "source": "sunnah.com",
    "collection": "riyadussaliheen"
  },
  {
    "id": 118,
    "book": "Riyad as-Salihin",
    "chapter": "Visiting the Sick",
    "hadithNumber": 118,
    "arabicText": "نص الحديث الشريف رقم 118 في عيادة المريض",
    "englishText": "The text of the noble hadith number 118 about Visiting the Sick. [Authentic hadith text would be provided here from verified sources]",
    "source": "sunnah.com",
    "collection": "riyadussaliheen"
  },
  {
    "id": 119,
    "book": "Riyad as-Salihin",
    "chapter": "Visiting the Sick",
    "hadithNumber": 119,
    "arabicText": "نص الحديث الشريف رقم 119 في عيادة المريض",
    "englishText": "The text of the noble hadith number 119 about Visiting the Sick. [Authentic hadith text would be provided here from verified sources]",
    "source": "sunnah.com",
    "collection": "riyadussaliheen"
  },
  {
    "id": 120,
    "book": "Riyad as-Salihin",
    "chapter": "Visiting the Sick",
    "hadithNumber": 120,
    "arabicText": "نص الحديث الشريف رقم 120 في عيادة المريض",
    "englishText": "The text of the noble hadith number 120 about Visiting the Sick. [Authentic hadith text would be provided here from verified sources]",
    "source": "sunnah.com",
    "collection": "riyadussaliheen"
  },
  {
    "id": 121,
    "book": "Riyad as-Salihin",
    "chapter": "Visiting the Sick",
    "hadithNumber": 121,
    "arabicText": "نص الحديث الشريف رقم 121 في عيادة المريض",
    "englishText": "The text of the noble hadith number 121 about Visiting the Sick. [Authentic hadith text would be provided here from verified sources]",
    "source": "sunnah.com",
    "collection": "riyadussaliheen"
  },
  {
    "id": 122,
    "book": "Riyad as-Salihin",
    "chapter": "Visiting the Sick",
    "hadithNumber": 122,
    "arabicText": "نص الحديث الشريف رقم 122 في عيادة المريض",
    "englishText": "The text of the noble hadith number 122 about Visiting the Sick. [Authentic hadith text would be provided here from verified sources]",
    "source": "sunnah.com",
    "collection": "riyadussaliheen"
  },
  {
    "id": 123,
    "book": "Riyad as-Salihin",
    "chapter": "Charity",
    "hadithNumber": 123,
    "arabicText": "نص الحديث الشريف رقم 123 في الصدقة",
    "englishText": "The text of the noble hadith number 123 about Charity. [Authentic hadith text would be provided here from verified sources]",
    "source": "sunnah.com",
    "collection": "riyadussaliheen"
  },
  {
    "id": 124,
    "book": "Riyad as-Salihin",
    "chapter": "Charity",
    "hadithNumber": 124,
    "arabicText": "نص الحديث الشريف رقم 124 في الصدقة",
    "englishText": "The text of the noble hadith number 124 about Charity. [Authentic hadith text would be provided here from verified sources]",
    "source": "sunnah.com",
    "collection": "riyadussaliheen"
  },
  {
    "id": 125,
    "book": "Riyad as-Salihin",
    "chapter": "Charity",
    "hadithNumber": 125,
    "arabicText": "نص الحديث الشريف رقم 125 في الصدقة",
    "englishText": "The text of the noble hadith number 125 about Charity. [Authentic hadith text would be provided here from verified sources]",
    "source": "sunnah.com",
    "collection": "riyadussaliheen"
  },
  {
    "id": 126,
    "book": "Riyad as-Salihin",
    "chapter": "Charity",
    "hadithNumber": 126,
    "arabicText": "نص الحديث الشريف رقم 126 في الصدقة",
    "englishText": "The text of the noble hadith number 126 about Charity. [Authentic hadith text would be provided here from verified sources]",
    "source": "sunnah.com",
    "collection": "riyadussaliheen"
  },
  {
    "id": 127,
    "book": "Riyad as-Salihin",
    "chapter": "Charity",
    "hadithNumber": 127,
    "arabicText": "نص الحديث الشريف رقم 127 في الصدقة",
    "englishText": "The text of the noble hadith number 127 about Charity. [Authentic hadith text would be provided here from verified sources]",
    "source": "sunnah.com",
    "collection": "riyadussaliheen"
  },
  {
    "id": 128,
    "book": "Riyad as-Salihin",
    "chapter": "Charity",
    "hadithNumber": 128,
    "arabicText": "نص الحديث الشريف رقم 128 في الصدقة",
    "englishText": "The text of the noble hadith number 128 about Charity. [Authentic hadith text would be provided here from verified sources]",
    "source": "sunnah.com",
    "collection": "riyadussaliheen"
  },
  {
    "id": 129,
    "book": "Riyad as-Salihin",
    "chapter": "Charity",
    "hadithNumber": 129,
    "arabicText": "نص الحديث الشريف رقم 129 في الصدقة",
    "englishText": "The text of the noble hadith number 129 about Charity. [Authentic hadith text would be provided here from verified sources]",
    "source": "sunnah.com",
    "collection": "riyadussaliheen"
  },
  {
    "id": 130,
    "book": "Riyad as-Salihin",
    "chapter": "Charity",
    "hadithNumber": 130,
    "arabicText": "نص الحديث الشريف رقم 130 في الصدقة",
    "englishText": "The text of the noble hadith number 130 about Charity. [Authentic hadith text would be provided here from verified sources]",
    "source": "sunnah.com",
    "collection": "riyadussaliheen"
  },
  {
    "id": 131,
    "book": "Riyad as-Salihin",
    "chapter": "Knowledge",
    "hadithNumber": 131,
    "arabicText": "نص الحديث الشريف رقم 131 في العلم",
    "englishText": "The text of the noble hadith number 131 about Knowledge. [Authentic hadith text would be provided here from verified sources]",
    "source": "sunnah.com",
    "collection": "riyadussaliheen"
  },
  {
    "id": 132,
    "book": "Riyad as-Salihin",
    "chapter": "Knowledge",
    "hadithNumber": 132,
    "arabicText": "نص الحديث الشريف رقم 132 في العلم",
    "englishText": "The text of the noble hadith number 132 about Knowledge. [Authentic hadith text would be provided here from verified sources]",
    "source": "sunnah.com",
    "collection": "riyadussaliheen"
  },
  {
    "id": 133,
    "book": "Riyad as-Salihin",
    "chapter": "Knowledge",
    "hadithNumber": 133,
    "arabicText": "نص الحديث الشريف رقم 133 في العلم",
    "englishText": "The text of the noble hadith number 133 about Knowledge. [Authentic hadith text would be provided here from verified sources]",
    "source": "sunnah.com",
    "collection": "riyadussaliheen"
  },
  {
    "id": 134,
    "book": "Riyad as-Salihin",
    "chapter": "Knowledge",
    "hadithNumber": 134,
    "arabicText": "نص الحديث الشريف رقم 134 في العلم",
    "englishText": "The text of the noble hadith number 134 about Knowledge. [Authentic hadith text would be provided here from verified sources]",
    "source": "sunnah.com",
    "collection": "riyadussaliheen"
  },
  {
    "id": 135,
    "book": "Riyad as-Salihin",
    "chapter": "Knowledge",
    "hadithNumber": 135,
    "arabicText": "نص الحديث الشريف رقم 135 في العلم",
    "englishText": "The text of the noble hadith number 135 about Knowledge. [Authentic hadith text would be provided here from verified sources]",
    "source": "sunnah.com",
    "collection": "riyadussaliheen"
  },
  {
    "id": 136,
    "book": "Riyad as-Salihin",
    "chapter": "Knowledge",
    "hadithNumber": 136,
    "arabicText": "نص الحديث الشريف رقم 136 في العلم",
    "englishText": "The text of the noble hadith number 136 about Knowledge. [Authentic hadith text would be provided here from verified sources]",
    "source": "sunnah.com",
    "collection": "riyadussaliheen"
  },
  {
    "id": 137,
    "book": "Riyad as-Salihin",
    "chapter": "Knowledge",
    "hadithNumber": 137,
    "arabicText": "نص الحديث الشريف رقم 137 في العلم",
    "englishText": "The text of the noble hadith number 137 about Knowledge. [Authentic hadith text would be provided here from verified sources]",
    "source": "sunnah.com",
    "collection": "riyadussaliheen"
  },
  {
    "id": 138,
    "book": "Riyad as-Salihin",
    "chapter": "Knowledge",
    "hadithNumber": 138,
    "arabicText": "نص الحديث الشريف رقم 138 في العلم",
    "englishText": "The text of the noble hadith number 138 about Knowledge. [Authentic hadith text would be provided here from verified sources]",
    "source": "sunnah.com",
    "collection": "riyadussaliheen"
  },
  {
    "id": 139,
    "book": "Riyad as-Salihin",
    "chapter": "Supplication",
    "hadithNumber": 139,
    "arabicText": "نص الحديث الشريف رقم 139 في الدعاء",
    "englishText": "The text of the noble hadith number 139 about Supplication. [Authentic hadith text would be provided here from verified sources]",
    "source": "sunnah.com",
    "collection": "riyadussaliheen"
  },
  {
    "id": 140,
    "book": "Riyad as-Salihin",
    "chapter": "Supplication",
    "hadithNumber": 140,
    "arabicText": "نص الحديث الشريف رقم 140 في الدعاء",
    "englishText": "The text of the noble hadith number 140 about Supplication. [Authentic hadith text would be provided here from verified sources]",
    "source": "sunnah.com",
    "collection": "riyadussaliheen"
  },
  {
    "id": 141,
    "book": "Riyad as-Salihin",
    "chapter": "Supplication",
    "hadithNumber": 141,
    "arabicText": "نص الحديث الشريف رقم 141 في الدعاء",
    "englishText": "The text of the noble hadith number 141 about Supplication. [Authentic hadith text would be provided here from verified sources]",
    "source": "sunnah.com",
    "collection": "riyadussaliheen"
  },
  {
    "id": 142,
    "book": "Riyad as-Salihin",
    "chapter": "Supplication",
    "hadithNumber": 142,
    "arabicText": "نص الحديث الشريف رقم 142 في الدعاء",
    "englishText": "The text of the noble hadith number 142 about Supplication. [Authentic hadith text would be provided here from verified sources]",
    "source": "sunnah.com",
    "collection": "riyadussaliheen"
  },
  {
    "id": 143,
    "book": "Riyad as-Salihin",
    "chapter": "Supplication",
    "hadithNumber": 143,
    "arabicText": "نص الحديث الشريف رقم 143 في الدعاء",
    "englishText": "The text of the noble hadith number 143 about Supplication. [Authentic hadith text would be provided here from verified sources]",
    "source": "sunnah.com",
    "collection": "riyadussaliheen"
  },
  {
    "id": 144,
    "book": "Riyad as-Salihin",
    "chapter": "Supplication",
    "hadithNumber": 144,
    "arabicText": "نص الحديث الشريف رقم 144 في الدعاء",
    "englishText": "The text of the noble hadith number 144 about Supplication. [Authentic hadith text would be provided here from verified sources]",
    "source": "sunnah.com",
    "collection": "riyadussaliheen"
  },
  {
    "id": 145,
    "book": "Riyad as-Salihin",
    "chapter": "Supplication",
    "hadithNumber": 145,
    "arabicText": "نص الحديث الشريف رقم 145 في الدعاء",
    "englishText": "The text of the noble hadith number 145 about Supplication. [Authentic hadith text would be provided here from verified sources]",
    "source": "sunnah.com",
    "collection": "riyadussaliheen"
  },
  {
    "id": 146,
    "book": "Riyad as-Salihin",
    "chapter": "Supplication",
    "hadithNumber": 146,
    "arabicText": "نص الحديث الشريف رقم 146 في الدعاء",
    "englishText": "The text of the noble hadith number 146 about Supplication. [Authentic hadith text would be provided here from verified sources]",
    "source": "sunnah.com",
    "collection": "riyadussaliheen"
  },
  {
    "id": 147,
    "book": "Riyad as-Salihin",
    "chapter": "Remembrance of Allah",
    "hadithNumber": 147,
    "arabicText": "نص الحديث الشريف رقم 147 في ذكر الله",
    "englishText": "The text of the noble hadith number 147 about Remembrance of Allah. [Authentic hadith text would be provided here from verified sources]",
    "source": "sunnah.com",
    "collection": "riyadussaliheen"
  },
  {
    "id": 148,
    "book": "Riyad as-Salihin",
    "chapter": "Remembrance of Allah",
    "hadithNumber": 148,
    "arabicText": "نص الحديث الشريف رقم 148 في ذكر الله",
    "englishText": "The text of the noble hadith number 148 about Remembrance of Allah. [Authentic hadith text would be provided here from verified sources]",
    "source": "sunnah.com",
    "collection": "riyadussaliheen"
  },
  {
    "id": 149,
    "book": "Riyad as-Salihin",
    "chapter": "Remembrance of Allah",
    "hadithNumber": 149,
    "arabicText": "نص الحديث الشريف رقم 149 في ذكر الله",
    "englishText": "The text of the noble hadith number 149 about Remembrance of Allah. [Authentic hadith text would be provided here from verified sources]",
    "source": "sunnah.com",
    "collection": "riyadussaliheen"
  },
  {
    "id": 150,
    "book": "Riyad as-Salihin",
    "chapter": "Remembrance of Allah",
    "hadithNumber": 150,
    "arabicText": "نص الحديث الشريف رقم 150 في ذكر الله",
    "englishText": "The text of the noble hadith number 150 about Remembrance of Allah. [Authentic hadith text would be provided here from verified sources]",
    "source": "sunnah.com",
    "collection": "riyadussaliheen"
  },
  {
    "id": 151,
    "book": "Riyad as-Salihin",
    "chapter": "Remembrance of Allah",
    "hadithNumber": 151,
    "arabicText": "نص الحديث الشريف رقم 151 في ذكر الله",
    "englishText": "The text of the noble hadith number 151 about Remembrance of Allah. [Authentic hadith text would be provided here from verified sources]",
    "source": "sunnah.com",
    "collection": "riyadussaliheen"
  },
  {
    "id": 152,
    "book": "Riyad as-Salihin",
    "chapter": "Remembrance of Allah",
    "hadithNumber": 152,
    "arabicText": "نص الحديث الشريف رقم 152 في ذكر الله",
    "englishText": "The text of the noble hadith number 152 about Remembrance of Allah. [Authentic hadith text would be provided here from verified sources]",
    "source": "sunnah.com",
    "collection": "riyadussaliheen"
  },
  {
    "id": 153,
    "book": "Riyad as-Salihin",
    "chapter": "Remembrance of Allah",
    "hadithNumber": 153,
    "arabicText": "نص الحديث الشريف رقم 153 في ذكر الله",
    "englishText": "The text of the noble hadith number 153 about Remembrance of Allah. [Authentic hadith text would be provided here from verified sources]",
    "source": "sunnah.com",
    "collection": "riyadussaliheen"
  },
  {
    "id": 154,
    "book": "Riyad as-Salihin",
    "chapter": "Remembrance of Allah",
    "hadithNumber": 154,
    "arabicText": "نص الحديث الشريف رقم 154 في ذكر الله",
    "englishText": "The text of the noble hadith number 154 about Remembrance of Allah. [Authentic hadith text would be provided here from verified sources]",
    "source": "sunnah.com",
    "collection": "riyadussaliheen"
  },
  {
    "id": 155,
    "book": "Riyad as-Salihin",
    "chapter": "Good Company",
    "hadithNumber": 155,
    "arabicText": "نص الحديث الشريف رقم 155 في الصحبة الصالحة",
    "englishText": "The text of the noble hadith number 155 about Good Company. [Authentic hadith text would be provided here from verified sources]",
    "source": "sunnah.com",
    "collection": "riyadussaliheen"
  },
  {
    "id": 156,
    "book": "Riyad as-Salihin",
    "chapter": "Good Company",
    "hadithNumber": 156,
    "arabicText": "نص الحديث الشريف رقم 156 في الصحبة الصالحة",
    "englishText": "The text of the noble hadith number 156 about Good Company. [Authentic hadith text would be provided here from verified sources]",
    "source": "sunnah.com",
    "collection": "riyadussaliheen"
  },
  {
    "id": 157,
    "book": "Riyad as-Salihin",
    "chapter": "Good Company",
    "hadithNumber": 157,
    "arabicText": "نص الحديث الشريف رقم 157 في الصحبة الصالحة",
    "englishText": "The text of the noble hadith number 157 about Good Company. [Authentic hadith text would be provided here from verified sources]",
    "source": "sunnah.com",
    "collection": "riyadussaliheen"
  },
  {
    "id": 158,
    "book": "Riyad as-Salihin",
    "chapter": "Good Company",
    "hadithNumber": 158,
    "arabicText": "نص الحديث الشريف رقم 158 في الصحبة الصالحة",
    "englishText": "The text of the noble hadith number 158 about Good Company. [Authentic hadith text would be provided here from verified sources]",
    "source": "sunnah.com",
    "collection": "riyadussaliheen"
  },
  {
    "id": 159,
    "book": "Riyad as-Salihin",
    "chapter": "Good Company",
    "hadithNumber": 159,
    "arabicText": "نص الحديث الشريف رقم 159 في الصحبة الصالحة",
    "englishText": "The text of the noble hadith number 159 about Good Company. [Authentic hadith text would be provided here from verified sources]",
    "source": "sunnah.com",
    "collection": "riyadussaliheen"
  },
  {
    "id": 160,
    "book": "Riyad as-Salihin",
    "chapter": "Good Company",
    "hadithNumber": 160,
    "arabicText": "نص الحديث الشريف رقم 160 في الصحبة الصالحة",
    "englishText": "The text of the noble hadith number 160 about Good Company. [Authentic hadith text would be provided here from verified sources]",
    "source": "sunnah.com",
    "collection": "riyadussaliheen"
  },
  {
    "id": 161,
    "book": "Riyad as-Salihin",
    "chapter": "Good Company",
    "hadithNumber": 161,
    "arabicText": "نص الحديث الشريف رقم 161 في الصحبة الصالحة",
    "englishText": "The text of the noble hadith number 161 about Good Company. [Authentic hadith text would be provided here from verified sources]",
    "source": "sunnah.com",
    "collection": "riyadussaliheen"
  },
  {
    "id": 162,
    "book": "Riyad as-Salihin",
    "chapter": "Good Company",
    "hadithNumber": 162,
    "arabicText": "نص الحديث الشريف رقم 162 في الصحبة الصالحة",
    "englishText": "The text of the noble hadith number 162 about Good Company. [Authentic hadith text would be provided here from verified sources]",
    "source": "sunnah.com",
    "collection": "riyadussaliheen"
  }
]